,Laptop_name,Discounted_price,Original_price,Product Description
0,HP Intel Core i5 12th Gen 1235U - (16 GB/512 GB SSD/Windows 11 Home) 15s-fq5330TU|15-fd0111TU Thin and...,"₹49,990","₹62,526",Intel Core i5 Processor (12th Gen)16 GB DDR4 RAMWindows 11 Operating System512 GB SSD39.62 cm (15.6 inch) Display1 Year Onsite warranty
1,HP MS Office 2024 Intel Core i7 13th Gen 1355U - (16 GB/512 GB SSD/Windows 11 Home) fd0468TU Thin and ...,"₹63,990","₹77,507",Intel Core i7 Processor (13th Gen)16 GB DDR4 RAMWindows 11 Home Operating System512 GB SSD39.62 cm (15.6 inch) DisplayMicrosoft Office H&S Edition 20241 Year Carry-in Warranty
2,Acer Swift Go 14 TouchScreen AI PC Intel Core Ultra 7 155H - (16 GB/1 TB SSD/Windows 11 Home) SFG14-73...,"₹69,990","₹1,01,999",Intel Core Ultra 7 Processor16 GB LPDDR5X RAMWindows 11 Operating System1 TB SSD35.56 cm (14 Inch) Touchscreen Display1 Year Carry-in Warranty
3,SAMSUNG Galaxy Book4 Metal Intel Core i7 13th Gen 1355U - (16 GB/512 GB SSD/Windows 11 Home) NP750XGJ-...,"₹63,990","₹89,689",Intel Core i7 Processor (13th Gen)16 GB LPDDR4X RAMWindows 11 Operating System512 GB SSD39.62 cm (15.6 Inch) Display1 Year Manufacturer Warranty for Laptop and 6 Months for In-Box Accessories
4,Lenovo LOQ AMD Ryzen 5 Quad Core 7235HS - (12 GB/512 GB SSD/Windows 11 Home/6 GB Graphics/NVIDIA GeFor...,"₹60,990","₹87,990",AMD Ryzen 5 Quad Core Processor12 GB DDR5 RAMWindows 11 Operating System512 GB SSD39.62 cm (15.6 Inch) Display1Yr Warranty and 1 Yr Accidental Damage Protection
5,Acer Swift Go 14 Snapdragon X Plus - (16 GB/512 GB SSD/Windows 11 Home) SFG14-01-X9C8 Thin and Light L...,"₹56,990","₹1,08,799",Snapdragon X Plus Processor16 GB LPDDR5X RAMWindows 11 Operating System512 GB SSD36.83 cm (14.5 Inch) Display1 Year Carry-in Warranty
6,"ASUS Vivobook 16X (2025) for Creator with Office 2024 + M365 Basic, Intel Core i5 12th Gen 12500H - (1...","₹58,990","₹77,990","Intel Core i5 Processor (12th Gen)16 GB DDR4 RAMWindows 11 Home Operating System512 GB SSD40.64 cm (16 Inch) DisplayMicrosoft Office Home 2024 (Lifetime Validity ) + Microsoft 365 Basic (1-Year Validity),�McAfee -1 year, One-Month Membership of Adobe Creative Cloud All Apps1 Year Onsite Warranty"
7,Acer Nitro V AMD Ryzen 7 Octa Core 7735HS - (16 GB/512 GB SSD/Windows 11 Home/6 GB Graphics/NVIDIA GeF...,"₹67,990","₹87,499",AMD Ryzen 7 Octa Core Processor16 GB DDR5 RAMWindows 11 Operating System512 GB SSD39.62 cm (15.6 Inch) Display1 Year International Travelers Warranty (ITW)
8,ASUS TUF Gaming A15 AMD Ryzen 7 Octa Core 7435HS - (16 GB/512 GB SSD/Windows 11 Home/4 GB Graphics/NVI...,"₹56,990","₹75,990",AMD Ryzen 7 Octa Core Processor16 GB DDR5 RAMWindows 11 Home Operating System512 GB SSD39.62 cm (15.6 inch) Display1 Year Carry-in Warranty
9,Lenovo IdeaPad 5 Intel Core i5 13th Gen 13420H - (16 GB/512 GB SSD/Windows 11 Home) 14IRH9 2 in 1 Lapt...,"₹69,990","₹1,09,690",Intel Core i5 Processor (13th Gen)16 GB LPDDR5X RAMWindows 11 Operating System512 GB SSD35.56 cm (14 Inch) Touchscreen Display1 Year Carry-in Warranty
10,DELL Intel Core i3 13th Gen 1305U - (8 GB/512 GB SSD/Windows 11 Home) Vostro 3530 Thin and Light Lapto...,"₹36,990","₹53,658",Intel Core i3 Processor (13th Gen)8 GB DDR4 RAMWindows 11 Operating System512 GB SSD39.62 cm (15.6 Inch) Display1 Year Onsite warranty
11,DELL 15 Intel Core i7 13th Gen 1355U - (16 GB/512 GB SSD/Windows 11 Home) 3530 Thin and Light Laptop,"₹70,490","₹81,595","Intel Core i7 Processor (13th Gen)16 GB DDR4 RAMWindows 11 Operating System512 GB SSD39.62 cm (15.6 Inch) DisplayMy Dell (Dell Power Manager,Dell Support Assist)1 Year Onsite Hardware Service"
12,Lenovo LOQ Essential Intel Core i7 12th Gen 12650HX - (12 GB/512 GB SSD/Windows 11 Home/6 GB Graphics/...,"₹69,990","₹95,090",Intel Core i7 Processor (12th Gen)12 GB DDR5 RAMWindows 11 Home Operating System512 GB SSD39.62 cm (15.6 Inch) Display1 Year Onsite Warranty
13,Acer Aspire 7 Intel Core i5 13th Gen 13420H - (16 GB/512 GB SSD/Windows 11 Home/6 GB Graphics/NVIDIA G...,"₹67,990","₹89,999",Intel Core i5 Processor (13th Gen)16 GB DDR4 RAMWindows 11 Operating System512 GB SSD39.62 cm (15.6 Inch) Display1 Year Onsite Warranty
14,ASUS Vivobook 15 Intel Core i7 13th Gen 13620H - (16 GB/512 GB SSD/Windows 11 Home) X1502VA-BQ837WS Th...,"₹61,990","₹85,990",Intel Core i7 Processor (13th Gen)16 GB DDR4 RAMWindows 11 Home Operating System512 GB SSD39.62 cm (15.6 Inch) Display1 Year Onsite Warranty
15,Apple MacBook AIR Apple M2 - (8 GB/512 GB SSD/Mac OS Monterey) MLXX3HN/A,"₹68,990","₹1,19,900","Apple M2 Processor8 GB Unified Memory RAMMac OS Operating System512 GB SSD34.54 cm (13.6 Inch) DisplayBuilt-in Apps: iMovie, Siri, GarageBand, Pages, Numbers, Photos, Keynote, Safari, Mail, FaceTime, Messages, Maps, Stocks, Home, Voice Memos, Notes, Calendar, Contacts, Reminders, Photo Booth, Preview, Books, App Store, Time Machine, TV, Music, Podcasts, Find My, QuickTime Player1 Year Limited Warra­nty"
16,DELL 15 Intel Core i5 12th Gen 1235U - (8 GB/512 GB SSD/Windows 11 Home) 3520 Thin and Light Laptop,"₹42,990","₹62,415","Intel Core i5 Processor (12th Gen)8 GB DDR4 RAMWindows 11 Operating System512 GB SSD39.62 cm (15.6 Inch) DisplayMy Dell (Dell Power Manager,Dell Support Assist)1 Year Onsite Warranty"
17,HP Backlit Intel Core i5 12th Gen 1235U - (8 GB/512 GB SSD/Windows 11 Home) 15s-fy5002TU Thin and Ligh...,"₹47,200","₹70,064",Intel Core i5 Processor (12th Gen)8 GB DDR4 RAM64 bit Windows 11 Operating System512 GB SSD39.62 cm (15.6 Inch) Display1 Year Onsite Warranty
18,ASUS TUF Gaming A15 AMD Ryzen 7 Octa Core 7435HS - (16 GB/512 GB SSD/Windows 11 Home/4 GB Graphics/NVI...,"₹66,990","₹89,990","AMD Ryzen 7 Octa Core Processor16 GB DDR5 RAM64 bit Windows 11 Home Operating System512 GB SSD39.62 cm (15.6 inch) DisplayWindows 11 Home, MS Office Home and Student 2024, 1 Year McAfee1 Year Manufacturing"
19,HP Pavilion Intel Core Ultra 5 125U - (16 GB/1 TB SSD/Windows 11 Home) 16-af0056TU Thin and Light Lapt...,"₹66,990","₹92,083",Intel Core Ultra 5 Processor16 GB LPDDR5 RAMWindows 11 Operating System1 TB SSD40.64 cm (16 inch) Display1 Year Onsite Warranty
20,HP Victus Intel Core i5 13th Gen 13420H - (16 GB/512 GB SSD/Windows 11 Home/6 GB Graphics/NVIDIA GeFor...,"₹70,990","₹87,262",Intel Core i5 Processor (13th Gen)16 GB DDR4 RAMWindows 11 Home Operating System512 GB SSD39.62 cm (15.6 inch) DisplayWindows 11 and Microsoft Office Home & Student Edition 20241 Year Carry-in Warranty
21,DELL G15 Intel Core i5 13th Gen 13450HX - (16 GB/512 GB SSD/Windows 11 Home/6 GB Graphics/NVIDIA GeFor...,"₹71,990","₹93,021","Intel Core i5 Processor (13th Gen)16 GB DDR5 RAMWindows 11 Operating System512 GB SSD39.62 cm (15.6 Inch) DisplayAlienware Command Center,Dell Support Assist)1 Year Basic Onsite Service after remote diagnosis with Hardware-Only Support"
22,ASUS Vivobook 15 Intel Core i5 13th Gen 1335U - (16 GB/512 GB SSD/Windows 11 Home) X1504VA-NJ540WS Thi...,"₹49,990","₹73,990",Intel Core i5 Processor (13th Gen)16 GB DDR4 RAMWindows 11 Operating System512 GB SSD39.62 cm (15.6 Inch) Display1 Year Onsite Warranty
23,HP Intel Core i5 13th Gen - (16 GB/512 GB SSD/Windows 11 Home/Intel Integrated intel hd) 14-ek1074TU 2...,"₹64,990","₹91,615",Intel Core i5 Processor (13th Gen)16 GB DDR4 RAMWindows 11 Home Operating System512 GB SSD35.56 cm (14 inch) Touchscreen Display1 year Warranty
24,Lenovo LOQ Intel Core i5 12th Gen 12450HX - (16 GB/512 GB SSD/Windows 11 Home/6 GB Graphics/NVIDIA GeF...,"₹69,990","₹95,890",Intel Core i5 Processor (12th Gen)16 GB DDR5 RAMWindows 11 Operating System512 GB SSD39.62 cm (15.6 Inch) DisplayOffice Home & Student 20211Yr Warranty and 1 Yr Accidental Damage Protection
25,ASUS Vivobook 15 Intel Core i5 13th Gen 1334U - (8 GB/512 GB SSD/Windows 11 Home) X1504VA-NJ1765WS Thi...,"₹45,990","₹68,990",Intel Core i5 Processor (13th Gen)8 GB DDR4 RAMWindows 11 Home Operating System512 GB SSD39.62 cm (15.6 Inch) DisplayMicrosoft Office Home 2024 + Microsoft 365 Basic1 Year Onsite Warranty
26,Acer Swift Go 14 Snapdragon X Plus - (16 GB/512 GB SSD/Windows 11 Home) SFG14-01-X9C8 Thin and Light L...,"₹56,990","₹1,08,799",Snapdragon X Plus Processor16 GB LPDDR5X RAMWindows 11 Operating System512 GB SSD36.83 cm (14.5 Inch) Display1 Year Carry-in Warranty
27,HP Intel Core i5 12th Gen 1235U - (16 GB/512 GB SSD/Windows 11 Home) 15s-fq5330TU|15-fd0111TU Thin and...,"₹49,990","₹62,526",Intel Core i5 Processor (12th Gen)16 GB DDR4 RAMWindows 11 Operating System512 GB SSD39.62 cm (15.6 inch) Display1 Year Onsite warranty
28,Lenovo IdeaPad Slim 5 WUXGA IPS AI PC Intel Core Ultra 5 125H - (16 GB/512 GB SSD/Windows 11 Home) 14I...,"₹67,990","₹1,03,790",Intel Core Ultra 5 Processor16 GB LPDDR5X RAMWindows 11 Operating System512 GB SSD35.56 cm (14 inch) Display1Yr Warranty + 1 Yr Premium Care and 1 Yr Accidental Damage Protection
29,HP Pavilion Aero AMD Ryzen 5 Hexa Core 7535U - (16 GB/512 GB SSD/Windows 11 Home) 13-BE2056AU Thin and...,"₹70,990","₹80,314",AMD Ryzen 5 Hexa Core Processor16 GB LPDDR5 RAMWindows 11 Operating System512 GB SSD33.78 cm (13.3 Inch) Display1 Year Onsite Warranty
30,HP MS Office 2024 Intel Core i7 13th Gen 1355U - (16 GB/512 GB SSD/Windows 11 Home) fd0468TU Thin and ...,"₹63,990","₹77,507",Intel Core i7 Processor (13th Gen)16 GB DDR4 RAMWindows 11 Home Operating System512 GB SSD39.62 cm (15.6 inch) DisplayMicrosoft Office H&S Edition 20241 Year Carry-in Warranty
31,DELL 15 Intel Core i3 12th Gen 1215U - (8 GB/512 GB SSD/Windows 11 Home) 3520 Thin and Light Laptop,"₹32,990","₹44,861","Intel Core i3 Processor (12th Gen)8 GB DDR4 RAM64 bit Windows 11 Operating System512 GB SSD39.62 cm (15.6 inch) DisplayMy Dell (Dell Power Manager,Dell Support Assist)1 Year Onsite Hardware Service"
32,Lenovo LOQ AMD Ryzen 5 Quad Core 7235HS - (24 GB/512 GB SSD/Windows 11 Home/6 GB Graphics/NVIDIA GeFor...,"₹65,990","₹82,690",AMD Ryzen 5 Quad Core Processor24 GB DDR5 RAMWindows 11 Operating System512 GB SSD39.62 cm (15.6 Inch) Display1Yr Warranty and 1 Yr Accidental Damage Protection
33,ASUS TUF Gaming F17 - AI Powered Gaming Intel Core i5 11th Gen 11400H - (8 GB/512 GB SSD/Windows 11 Ho...,"₹65,000","₹77,980",Intel Core i5 Processor (11th Gen)8 GB DDR4 RAMWindows 11 Operating System512 GB SSD43.94 cm (17.3 Inch) Display1 Year Onsite Warranty
34,ASUS Zenbook 14X OLED AMD Ryzen 5 Hexa Core 5600HS - (16 GB/512 GB SSD/Windows 11 Home) UM5401QA-KM541...,"₹66,990","₹86,990",AMD Ryzen 5 Hexa Core Processor16 GB LPDDR4X RAMWindows 11 Operating System512 GB SSD35.56 cm (14 Inch) Display1 Year Onsite Warranty
35,Lenovo IdeaPad Gaming 3 Intel Core i5 12th Gen 12450H - (16 GB/512 GB SSD/Windows 11 Home/4 GB Graphic...,"₹65,000","₹68,547",Intel Core i5 Processor (12th Gen)16 GB DDR4 RAMWindows 11 Operating System512 GB SSD39.62 cm (15.6 Inch) Display1 Year Carry-in Warranty
36,HP Pavilion Intel Core i5 12th Gen 1240P - (8 GB/512 GB SSD/Windows 11 Home) 15-EG2009TU Thin and Ligh...,"₹51,790","₹74,400",Intel Core i5 Processor (12th Gen)8 GB DDR4 RAM64 bit Windows 11 Operating System512 GB SSD39.62 cm (15.6 inch) DisplayMicrosoft Office Home & Student 20211 Year Onsite Warranty
37,CHUWI Intel Celeron Quad Core 12th Gen N100 - (8 GB/256 GB SSD/Windows 11 Home) GemiBook X_Pro Laptop,"₹17,490","₹34,990","Intel Celeron Quad Core Processor (12th Gen)8 GB LPDDR5 RAM64 bit Windows 11 Home Operating System256 GB SSD35.81 cm (14.1 inch) DisplayWPS Office, Operating System Software1 Year Onsite Warranty"
38,GIGABYTE G Series Intel Core i5 13th Gen 13500H - (16 GB/512 GB SSD/Windows 11 Home/6 GB Graphics/NVID...,"₹69,990","₹1,46,500",Intel Core i5 Processor (13th Gen)16 GB DDR5 RAMWindows 11 Operating System512 GB SSD39.62 cm (15.6 inch) Display2 Year Carry-in Warranty
39,ASUS Vivobook S14 (2025) with Office 2024 + M365 Basic* Intel Core i5 13th Gen 13420H - (16 GB/512 GB ...,"₹63,990","₹84,990","Intel Core i5 Processor (13th Gen)16 GB DDR5 RAMWindows 11 Home Operating System512 GB SSD35.56 cm (14 inch) DisplayMicrosoft Office Home 2024 (Lifetime Validity ) + Microsoft 365 Basic*(1-Year Validity), One-Month Membership of Adobe Creative Cloud All Apps, McAfee 1 year1 Year Onsite Warranty"
40,DELL Intel Core i3 13th Gen 1305U - (8 GB/512 GB SSD/Windows 11 Home) Vostro 3530 Thin and Light Lapto...,"₹36,990","₹53,658",Intel Core i3 Processor (13th Gen)8 GB DDR4 RAMWindows 11 Operating System512 GB SSD39.62 cm (15.6 Inch) Display1 Year Onsite warranty
41,SAMSUNG Galaxy Book4 Intel Core 5 120U - (8 GB/512 GB SSD/Windows 11 Home) NP750XGK-KG1IN / NP750XGK-L...,"₹54,490","₹86,239",Intel Core 5 Processor8 GB LPDDR4X RAMWindows 11 Operating System512 GB SSD39.62 cm (15.6 Inch) Display1 Year Manufacturer Warranty for Laptop and 6 Months for In-Box Accessories
42,Lenovo IdeaPad Slim 5 WUXGA IPS Intel Core i5 12th Gen 12450H - (16 GB/512 GB SSD/Windows 11 Home) 16I...,"₹57,990","₹86,290",Intel Core i5 Processor (12th Gen)16 GB LPDDR5 RAMWindows 11 Operating System512 GB SSD40.64 cm (16 Inch) Display1Yr Warranty + 1 Yr Premium Care and 1 Yr Accidental Damage Protection
43,Lenovo Thinkpad E14 G5 Intel Core i5 13th Gen 1335U with 3 year Warranty - (16 GB/512 GB SSD/Windows 1...,"₹68,399","₹95,000",Intel Core i5 Processor (13th Gen)16 GB DDR4 RAM64 bit Windows 11 Operating System512 GB SSD35.56 cm (14 inch) DisplayMS OFFICE3 years Warranty
44,HP Pavilion MSO 2021 AMD Ryzen 5 Hexa Core 8540U - (16 GB/512 GB SSD/Windows 11 Home) 16-ag0019AU Thin...,"₹52,990","₹76,924",AMD Ryzen 5 Hexa Core Processor16 GB LPDDR5 RAMWindows 11 Home Operating System512 GB SSD40.64 cm (16 Inch) Display1 Year Onsite Warranty
45,Lenovo IdeaPad Slim 3 Intel Core i5 12th Gen 12450H - (16 GB/512 GB SSD/Windows 11 Home) 14IAH8 Thin a...,"₹49,299","₹71,072",Intel Core i5 Processor (12th Gen)16 GB LPDDR5 RAMWindows 11 Operating System512 GB SSD35.56 cm (14 Inch) Display1 Year Onsite Warranty.
46,ASUS Vivobook 16 (2025) with Office 2024 + M365 Basic* Intel Core i5 13th Gen 13420H - (16 GB/512 GB S...,"₹54,990","₹72,990","Intel Core i5 Processor (13th Gen)16 GB DDR4 RAMWindows 11 Home Operating System512 GB SSD40.64 cm (16 inch) DisplayMicrosoft Office Home 2024 (Lifetime Validity ) + Microsoft 365 Basic*(1-Year Validity), McAfee 1 year1 Year Onsite Warranty"
47,ASUS Vivobook S14 Flip (2025) with Office 2024 + M365 Basic* Intel Core i5 13th Gen 13420H - (16 GB/51...,"₹69,990","₹86,990","Intel Core i5 Processor (13th Gen)16 GB DDR4 RAMWindows 11 Home Operating System512 GB SSD35.56 cm (14 inch) Touchscreen DisplayMicrosoft Office Home 2024 (Lifetime Validity ) + Microsoft 365 Basic*(1-Year Validity), One-Month Membership of Adobe Creative Cloud All Apps, McAfee 1 year1 Year Onsite Warranty"
48,HP Intel Core i5 13th Gen 1334U - (16 GB/512 GB SSD/Windows 11 Home) 15-fd0315TU Thin and Light Laptop,"₹57,500","₹65,000",Intel Core i5 Processor (13th Gen)16 GB DDR4 RAMWindows 11 Operating System512 GB SSD39.37 cm (15.5 Inch) Display1 Year Onsite Warranty
49,Lenovo IdeaPad Slim 3 Intel Core i5 13th Gen 13420H - (16 GB/512 GB SSD/Windows 11 Home) 15IRH8 Thin a...,"₹57,390","₹86,590",Intel Core i5 Processor (13th Gen)16 GB LPDDR5 RAMWindows 11 Operating System512 GB SSD39.62 cm (15.6 Inch) Display1 Yr. Onsite + 1 Yr. Accidental Damage Protection
50,Acer Swift Go 14 Snapdragon X Plus - (16 GB/512 GB SSD/Windows 11 Home) SFG14-01-X9C8 Thin and Light L...,"₹56,990","₹1,08,799",Snapdragon X Plus Processor16 GB LPDDR5X RAMWindows 11 Operating System512 GB SSD36.83 cm (14.5 Inch) Display1 Year Carry-in Warranty
51,HP Intel Core i5 12th Gen 1235U - (16 GB/512 GB SSD/Windows 11 Home) 15s-fq5330TU|15-fd0111TU Thin and...,"₹49,990","₹62,526",Intel Core i5 Processor (12th Gen)16 GB DDR4 RAMWindows 11 Operating System512 GB SSD39.62 cm (15.6 inch) Display1 Year Onsite warranty
52,Lenovo IdeaPad Slim 5 Intel Core i5 12th Gen 12450H - (16 GB/512 GB SSD/Windows 11 Home) 14IAH8 Thin a...,"₹57,990","₹72,990",Intel Core i5 Processor (12th Gen)16 GB LPDDR5 RAMWindows 11 Operating System512 GB SSD35.56 cm (14 Inch) Display1Yr Warranty + 1 Yr Premium Care and 1 Yr Accidental Damage Protection
53,ASUS Vivobook 14 Touchscreen Intel P-Series Intel Core i5 12th Gen 1240P - (16 GB/512 GB SSD/Windows 1...,"₹57,990","₹82,999",Intel Core i5 Processor (12th Gen)16 GB DDR4 RAM64 bit Windows 11 Operating System512 GB SSD35.56 cm (14 Inch) Touchscreen Display1 Year Onsite Warranty
54,Acer Nitro V Intel Core i5 13th Gen 13420H - (16 GB/512 GB SSD/Windows 11 Home/6 GB Graphics/NVIDIA Ge...,"₹69,497","₹92,999",Intel Core i5 Processor (13th Gen)16 GB DDR5 RAM64 bit Windows 11 Operating System512 GB SSD39.62 cm (15.6 Inch) Display1 Year International Travelers Warranty (ITW)
55,HP Victus Intel Core i5 12th Gen 12450H - (16 GB/512 GB SSD/Windows 11 Pro/4 GB Graphics/NVIDIA GeForc...,"₹73,990","₹86,050",Intel Core i5 Processor (12th Gen)16 GB DDR4 RAMWindows 11 Operating System512 GB SSD39.62 cm (15.6 inch) Display1 Year Onsite Warranty
56,HP MS Office 2024 Intel Core i7 13th Gen 1355U - (16 GB/512 GB SSD/Windows 11 Home) fd0468TU Thin and ...,"₹63,990","₹77,507",Intel Core i7 Processor (13th Gen)16 GB DDR4 RAMWindows 11 Home Operating System512 GB SSD39.62 cm (15.6 inch) DisplayMicrosoft Office H&S Edition 20241 Year Carry-in Warranty
57,DELL 15 Intel Core i3 12th Gen 1215U - (8 GB/512 GB SSD/Windows 11 Home) 3520 Thin and Light Laptop,"₹32,990","₹44,861","Intel Core i3 Processor (12th Gen)8 GB DDR4 RAM64 bit Windows 11 Operating System512 GB SSD39.62 cm (15.6 inch) DisplayMy Dell (Dell Power Manager,Dell Support Assist)1 Year Onsite Hardware Service"
58,ASUS Vivobook Pro 15 OLED For Creator AMD Ryzen 5 Hexa Core 5600HS - (16 GB/512 GB SSD/Windows 11 Home...,"₹64,999","₹89,999",AMD Ryzen 5 Hexa Core Processor16 GB DDR4 RAMWindows 11 Operating System512 GB SSD39.62 cm (15.6 Inch) Display1 Year Onsite Warranty
59,HP Pavilion Intel Core i5 13th Gen 1340P - (16 GB/512 GB SSD/Windows 11 Home) 15-eg3079TU Thin and Lig...,"₹64,580","₹83,705",Intel Core i5 Processor (13th Gen)16 GB DDR4 RAMWindows 11 Operating System512 GB SSD39.62 cm (15.6 Inch) Display1 Year Onsite Warranty
60,CHUWI Intel Celeron Quad Core 12th Gen N100 - (8 GB/256 GB SSD/Windows 11 Home) GemiBook X_Pro Laptop,"₹17,490","₹34,990","Intel Celeron Quad Core Processor (12th Gen)8 GB LPDDR5 RAM64 bit Windows 11 Home Operating System256 GB SSD35.81 cm (14.1 inch) DisplayWPS Office, Operating System Software1 Year Onsite Warranty"
61,DELL Intel Core i3 13th Gen 1305U - (8 GB/512 GB SSD/Windows 11 Home) Vostro 3530 Thin and Light Lapto...,"₹36,990","₹53,658",Intel Core i3 Processor (13th Gen)8 GB DDR4 RAMWindows 11 Operating System512 GB SSD39.62 cm (15.6 Inch) Display1 Year Onsite warranty
62,HP Victus Intel Core i5 13th Gen 13420H - (16 GB/512 GB SSD/Windows 11 Home/4 GB Graphics/NVIDIA GeFor...,"₹67,999","₹87,300",Intel Core i5 Processor (13th Gen)16 GB DDR4 RAM64 bit Windows 11 Operating System512 GB SSD39.62 cm (15.6 inch) DisplayMicrosoft Office Home & Student 20211 Year Onsite Warranty
63,Apple MacBook AIR Apple M2 - (8 GB/256 GB SSD/Mac OS Monterey) MLY13HN/A,"₹65,990","₹99,900","Apple M2 Processor8 GB Unified Memory RAMMac OS Operating System256 GB SSD34.54 cm (13.6 Inch) DisplayBuilt-in Apps: iMovie, Siri, GarageBand, Pages, Numbers, Photos, Keynote, Safari, Mail, FaceTime, Messages, Maps, Stocks, Home, Voice Memos, Notes, Calendar, Contacts, Reminders, Photo Booth, Preview, Books, App Store, Time Machine, TV, Music, Podcasts, Find My, QuickTime Player1 Year Limited Warranty"
64,Lenovo IdeaPad Gaming 3 Intel Core i5 12th Gen 12450H - (16 GB/512 GB SSD/Windows 11 Home/4 GB Graphic...,"₹67,990","₹94,690",Intel Core i5 Processor (12th Gen)16 GB DDR4 RAMWindows 11 Operating System512 GB SSD39.62 cm (15.6 inch) DisplayMicrosoft Office Home & Student 20211 Year Onsite Warranty
65,ASUS Vivobook S 14 Intel EVO H-Series Intel Core i5 12th Gen 12500H - (16 GB/512 GB SSD/Windows 11 Hom...,"₹64,990","₹86,990",Intel Core i5 Processor (12th Gen)16 GB DDR4 RAMWindows 11 Operating System512 GB SSD35.56 cm (14 inch) Display1 Year Onsite Warranty
66,ASUS Vivobook S14 (2025) with Office 2024 + M365 Basic* Intel Core i5 13th Gen 13420H - (16 GB/512 GB ...,"₹63,990","₹84,990","Intel Core i5 Processor (13th Gen)16 GB DDR5 RAMWindows 11 Home Operating System512 GB SSD35.56 cm (14 inch) DisplayMicrosoft Office Home 2024 (Lifetime Validity ) + Microsoft 365 Basic*(1-Year Validity), One-Month Membership of Adobe Creative Cloud All Apps, McAfee 1 year1 Year Onsite Warranty"
67,HP MSO 2024 Intel Core i5 13th Gen 1334U - (16 GB/512 GB SSD/Windows 11 Home) fd0467TU Thin and Light ...,"₹56,990","₹65,387",Intel Core i5 Processor (13th Gen)16 GB DDR4 RAMWindows 11 Home Operating System512 GB SSD39.62 cm (15.6 inch) DisplayMicrosoft Office H&S Edition 20241 Year Carry-in Warranty
68,DELL Inspiron 5430 Intel Core i5 13th Gen - (16 GB/512 GB SSD/Windows 11 Home) IN54308TR2G001ORS1 Thin...,"₹59,990","₹94,990",Intel Core i5 Processor (13th Gen)16 GB LPDDR5 RAM64 bit Windows 11 Operating System512 GB SSD35.56 cm (14 inch) Display1-year warranty
69,Lenovo LOQ Intel Core i5 12th Gen 12450HX - (12 GB/512 GB SSD/Windows 11 Home/4 GB Graphics/NVIDIA GeF...,"₹57,750","₹82,690",Intel Core i5 Processor (12th Gen)12 GB DDR5 RAMWindows 11 Operating System512 GB SSD39.62 cm (15.6 inch) DisplayOffice Home & Student 20211Yr Warranty and 1 Yr Accidental Damage Protection
70,HP Victus Intel Core i5 12th Gen 12450H - (16 GB/512 GB SSD/Windows 11 Home/4 GB Graphics/NVIDIA GeFor...,"₹66,690","₹77,566",Intel Core i5 Processor (12th Gen)16 GB DDR4 RAMWindows 11 Operating System512 GB SSD39.62 cm (15.6 Inch) Display1 Year Onsite Warranty
71,MSI Intel Core i9 13th Gen 13900H - (16 GB/512 GB SSD/Windows 11 Home) Modern 15 H B13M-224IN Thin and...,"₹69,990","₹95,990",Intel Core i9 Processor (13th Gen)16 GB DDR4 RAMWindows 11 Operating System512 GB SSD39.62 cm (15.6 Inch) Display1 Year Onsite Warranty
72,ASUS TUF Gaming F15 - AI Powered Gaming Intel Core i5 11th Gen 11260H - (8 GB/512 GB SSD/Windows 11 Ho...,"₹65,290","₹77,990",Intel Core i5 Processor (11th Gen)8 GB DDR4 RAMWindows 11 Operating System512 GB SSD39.62 cm (15.6 inch) Display1 Year Onsite Warranty
73,Apple MacBook AIR Apple M2 - (8 GB/512 GB SSD/Mac OS Monterey) MLY43HN/A,"₹69,990","₹1,09,900","Apple M2 Processor8 GB Unified Memory RAMMac OS Operating System512 GB SSD34.54 cm (13.6 Inch) DisplayBuilt-in Apps: iMovie, Siri, GarageBand, Pages, Numbers, Photos, Keynote, Safari, Mail, FaceTime, Messages, Maps, Stocks, Home, Voice Memos, Notes, Calendar, Contacts, Reminders, Photo Booth, Preview, Books, App Store, Time Machine, TV, Music, Podcasts, Find My, QuickTime Player1 Year Limited Warranty"
74,Acer Nitro 5 AMD Ryzen 7 Octa Core 7735HS - (8 GB/512 GB SSD/Windows 11 Home/4 GB Graphics/NVIDIA GeFo...,"₹68,990","₹1,05,999",AMD Ryzen 7 Octa Core Processor8 GB DDR5 RAM64 bit Windows 11 Operating System512 GB SSD39.62 cm (15.6 Inch) Display1 Year International Travelers Warranty
75,Acer ALG Intel Core i5 12th Gen 12450H - (16 GB/512 GB SSD/Windows 11 Home/6 GB Graphics/NVIDIA GeForc...,"₹63,990","₹84,990",Intel Core i5 Processor (12th Gen)16 GB DDR4 RAMWindows 11 Operating System512 GB SSD39.62 cm (15.6 Inch) Display1 Year Onsite Warranty
76,Acer Swift Go 14 Snapdragon X Plus - (16 GB/512 GB SSD/Windows 11 Home) SFG14-01-X9C8 Thin and Light L...,"₹56,990","₹1,08,799",Snapdragon X Plus Processor16 GB LPDDR5X RAMWindows 11 Operating System512 GB SSD36.83 cm (14.5 Inch) Display1 Year Carry-in Warranty
77,HP Intel Core i5 12th Gen 1235U - (16 GB/512 GB SSD/Windows 11 Home) 15s-fq5330TU|15-fd0111TU Thin and...,"₹49,990","₹62,526",Intel Core i5 Processor (12th Gen)16 GB DDR4 RAMWindows 11 Operating System512 GB SSD39.62 cm (15.6 inch) Display1 Year Onsite warranty
78,HP Victus Intel Core i5 12th Gen 12450H - (8 GB/512 GB SSD/Windows 11 Pro/4 GB Graphics/NVIDIA GeForce...,"₹59,399","₹85,000",Intel Core i5 Processor (12th Gen)8 GB DDR4 RAMWindows 11 Operating System512 GB SSD39.62 cm (15.6 inch) Display1 Year Onsite Warranty
79,"Lenovo IdeaPad Slim 3 Intel Intel Core i7 13th Gen Core™ i7-13620H, 10C (6P + 4E) / 16T, P-core 2.4 / ...","₹63,849","₹1,04,148",Intel Core i7 Processor (13th Gen)16 GB LPDDR5 RAM64 bit Windows 11 Operating System512 GB SSD39.62 cm (15.6 Inch) Display1 Years On-Site Warranty with ADP
80,HP MS Office 2024 Intel Core i7 13th Gen 1355U - (16 GB/512 GB SSD/Windows 11 Home) fd0468TU Thin and ...,"₹63,990","₹77,507",Intel Core i7 Processor (13th Gen)16 GB DDR4 RAMWindows 11 Home Operating System512 GB SSD39.62 cm (15.6 inch) DisplayMicrosoft Office H&S Edition 20241 Year Carry-in Warranty
81,DELL 15 Intel Core i3 12th Gen 1215U - (8 GB/512 GB SSD/Windows 11 Home) 3520 Thin and Light Laptop,"₹32,990","₹44,861","Intel Core i3 Processor (12th Gen)8 GB DDR4 RAM64 bit Windows 11 Operating System512 GB SSD39.62 cm (15.6 inch) DisplayMy Dell (Dell Power Manager,Dell Support Assist)1 Year Onsite Hardware Service"
82,HP Victus Intel Core i5 12th Gen 12450H - (16 GB/512 GB SSD/Windows 11 Home/4 GB Graphics/NVIDIA GeFor...,"₹62,990","₹78,778",Intel Core i5 Processor (12th Gen)16 GB DDR4 RAMWindows 11 Operating System512 GB SSD39.62 cm (15.6 inch) Display1 Year Onsite Warranty
83,Acer ALG Intel Core i5 12th Gen 12450H - (16 GB/1 TB SSD/Windows 11 Home/6 GB Graphics/NVIDIA GeForce ...,"₹68,990","₹98,999",Intel Core i5 Processor (12th Gen)16 GB DDR4 RAMWindows 11 Operating System1 TB SSD39.62 cm (15.6 Inch) Display1 Year Onsite Warranty
84,Apple MacBook AIR Apple M2 - (8 GB/256 GB SSD/Mac OS Monterey) MLY33HN/A,"₹65,990","₹89,900","Apple M2 Processor8 GB Unified Memory RAMMac OS Operating System256 GB SSD34.54 cm (13.6 Inch) DisplayBuilt-in Apps: iMovie, Siri, GarageBand, Pages, Numbers, Photos, Keynote, Safari, Mail, FaceTime, Messages, Maps, Stocks, Home, Voice Memos, Notes, Calendar, Contacts, Reminders, Photo Booth, Preview, Books, App Store, Time Machine, TV, Music, Podcasts, Find My, QuickTime Player1 Year Limited Warranty"
85,Acer Aspire 7 Intel Core i5 13th Gen 13420H - (16 GB/512 GB SSD/Windows 11 Home/4 GB Graphics/NVIDIA G...,"₹54,990","₹84,999",Intel Core i5 Processor (13th Gen)16 GB DDR4 RAMWindows 11 Operating System512 GB SSD39.62 cm (15.6 Inch) Display1 Year Onsite Warranty
86,HP Pavilion Intel Core i5 12th Gen 1240P - (8 GB/512 GB SSD/Windows 11 Home) 15-EG2009TU Thin and Ligh...,"₹51,790","₹74,400",Intel Core i5 Processor (12th Gen)8 GB DDR4 RAM64 bit Windows 11 Operating System512 GB SSD39.62 cm (15.6 inch) DisplayMicrosoft Office Home & Student 20211 Year Onsite Warranty
87,CHUWI Intel Celeron Quad Core 12th Gen N100 - (8 GB/256 GB SSD/Windows 11 Home) GemiBook X_Pro Laptop,"₹17,490","₹34,990","Intel Celeron Quad Core Processor (12th Gen)8 GB LPDDR5 RAM64 bit Windows 11 Home Operating System256 GB SSD35.81 cm (14.1 inch) DisplayWPS Office, Operating System Software1 Year Onsite Warranty"
88,MSI Bravo 15 AMD Ryzen 7 Octa Core 7735HS - (16 GB/512 GB SSD/Windows 11 Home/4 GB Graphics/AMD Radeon...,"₹62,999","₹83,990",AMD Ryzen 7 Octa Core Processor16 GB DDR5 RAMWindows 11 Operating System512 GB SSD39.62 cm (15.6 inch) Display1 Year Onsite Warranty
89,HP Pavilion Intel Core i5 12th Gen 1235U - (16 GB/512 GB SSD/Windows 11 Home) 14-dv2014TU Thin and Lig...,"₹63,990","₹73,688","Intel Core i5 Processor (12th Gen)16 GB DDR4 RAM64 bit Windows 11 Operating System512 GB SSD35.56 cm (14 inch) DisplayMicrosoft Office Home & Student 2021, HP Documentation, HP BIOS recovery, HP Smart1 Year Onsite Warranty"
90,HP Pavilion Intel Core Ultra 5 125U - (16 GB/1 TB SSD/Windows 11 Home) 16-af0056TU Thin and Light Lapt...,"₹66,990","₹92,083",Intel Core Ultra 5 Processor16 GB LPDDR5 RAMWindows 11 Operating System1 TB SSD40.64 cm (16 inch) Display1 Year Onsite Warranty
91,DELL Intel Core i3 13th Gen 1305U - (8 GB/512 GB SSD/Windows 11 Home) Vostro 3530 Thin and Light Lapto...,"₹36,990","₹53,658",Intel Core i3 Processor (13th Gen)8 GB DDR4 RAMWindows 11 Operating System512 GB SSD39.62 cm (15.6 Inch) Display1 Year Onsite warranty
92,MSI Thin 15 Intel Core i5 12th Gen 12450H - (16 GB/512 GB SSD/Windows 11 Home/6 GB Graphics/NVIDIA GeF...,"₹69,990","₹87,990",Intel Core i5 Processor (12th Gen)16 GB DDR4 RAMWindows 11 Operating System512 GB SSD39.62 cm (15.6 Inch) Display2 Year Onsite Warranty
93,ASUS Vivobook S14 OLED Intel EVO H-Series Intel Core i5 12th Gen 12500H - (16 GB/512 GB SSD/Windows 11...,"₹69,990","₹98,990",Intel Core i5 Processor (12th Gen)16 GB DDR4 RAM64 bit Windows 11 Operating System512 GB SSD35.56 cm (14 Inch) Display1 Year Onsite Warranty
94,SAMSUNG Galaxy Book3 Intel Core i7 13th Gen 1355U - (16 GB/512 GB SSD/Windows 11 Home) Galaxy Book3 Th...,"₹63,990","₹1,12,990",Intel Core i7 Processor (13th Gen)16 GB LPDDR4X RAMWindows 11 Operating System512 GB SSD39.62 cm (15.6 Inch) Display1 Year Onsite Warranty
95,HP Pavilion Intel Core i5 13th Gen 1335U - (16 GB/1 TB SSD/Windows 11 Home) 15-eg3018TU Thin and Light...,"₹69,900","₹87,999",Intel Core i5 Processor (13th Gen)16 GB DDR4 RAMWindows 11 Operating System1 TB SSD39.62 cm (15.6 inch) Display1 Year Onsite Warranty
96,HP MS Office 2024 Intel Core i7 13th Gen 1355U - (16 GB/512 GB SSD/Windows 11 Home) fd0468TU Thin and ...,"₹63,990","₹77,507",Intel Core i7 Processor (13th Gen)16 GB DDR4 RAMWindows 11 Home Operating System512 GB SSD39.62 cm (15.6 inch) DisplayMicrosoft Office H&S Edition 20241 Year Carry-in Warranty
97,HP Intel Core i5 12th Gen 1235U - (16 GB/512 GB SSD/Windows 11 Home) 15s-fq5330TU|15-fd0111TU Thin and...,"₹49,990","₹62,526",Intel Core i5 Processor (12th Gen)16 GB DDR4 RAMWindows 11 Operating System512 GB SSD39.62 cm (15.6 inch) Display1 Year Onsite warranty
98,Lenovo IdeaPad Flex 5 AMD Ryzen 7 Octa Core 7730U - (16 GB/512 GB SSD/Windows 11 Home) 14ABR8 2 in 1 L...,"₹69,690","₹97,890",AMD Ryzen 7 Octa Core Processor16 GB LPDDR4X RAMWindows 11 Operating System512 GB SSD35.56 cm (14 Inch) Touchscreen Display1 Year Onsite Premium Support with 1 Year Onsite Warranty
99,Acer Nitro 5 Intel Core i5 12th Gen 12450H - (8 GB/512 GB SSD/Windows 11 Home/4 GB Graphics/NVIDIA GeF...,"₹57,990","₹96,999","Intel Core i5 Processor (12th Gen)8 GB DDR4 RAM64 bit Windows 11 Operating System512 GB SSD39.62 cm (15.6 inch) DisplayAcer Care Center, Acer Product Registration, NitroSense1 Year International Travelers Warranty (ITW)"
100,HP Pavilion Intel Core Ultra 5 125U - (16 GB/1 TB SSD/Windows 11 Home) 16-af0056TU Thin and Light Lapt...,"₹66,990","₹92,083",Intel Core Ultra 5 Processor16 GB LPDDR5 RAMWindows 11 Operating System1 TB SSD40.64 cm (16 inch) Display1 Year Onsite Warranty
101,MSI Thin 15 Intel Core i5 12th Gen 12450H - (16 GB/512 GB SSD/Windows 11 Home/4 GB Graphics/NVIDIA GeF...,"₹48,990","₹70,990",Intel Core i5 Processor (12th Gen)16 GB DDR4 RAMWindows 11 Operating System512 GB SSD39.62 cm (15.6 Inch) Display2 Year Onsite Warranty
102,Lenovo Thinkpad E14 G5 Intel Core i5 13th Gen 1335U with 3 year Warranty - (16 GB/512 GB SSD/Windows 1...,"₹69,499","₹92,900",Intel Core i5 Processor (13th Gen)16 GB DDR4 RAM64 bit Windows 11 Operating System512 GB SSD35.56 cm (14 inch) DisplayMS OFFICE3 year Onsite Warranty
103,MSI Prestige 14 Intel EVO Intel Core i5 11th Gen 1135G7 - (16 GB/512 GB SSD/Windows 10 Home) Prestige ...,"₹66,999","₹95,990",Intel Core i5 Processor (11th Gen)16 GB LPDDR4X RAM64 bit Windows 10 Operating System512 GB SSD35.56 cm (14 inch) DisplayPCI-e Gen4 SSD?SHIFT?Matrix Display (Extend)?Cooler Boost 3?Thunderbolt 4?Finger Print Security?True Color 2.0?Hi-Res Audio?Nahimic 3? 4-Sided Thin bezel?MSI Center?Silky Smooth Touchpad?Military-Grade Durability1 Year On-Site Warranty
104,Lenovo IdeaPad Slim 5 Intel Core i5 13th Gen 13420H - (16 GB/512 GB SSD/Windows 11 Home) 14IRL8 Thin a...,"₹73,999","₹85,000",Intel Core i5 Processor (13th Gen)16 GB LPDDR5 RAMWindows 11 Operating System512 GB SSD35.56 cm (14 Inch) DisplayMicrosoft Office Home & Student 20211Yr Warranty + 1 Yr Premium Care and 1 Yr Accidental Damage Protection
105,HP Pavilion Aero AMD Ryzen 5 Hexa Core 7535U - (16 GB/512 GB SSD/Windows 11 Home) 13-BE2055AU Thin and...,"₹70,990","₹80,314",AMD Ryzen 5 Hexa Core Processor16 GB LPDDR5 RAMWindows 11 Operating System512 GB SSD33.78 cm (13.3 Inch) Display1 Year Onsite Warranty
106,HP Backlit Intel Core i5 12th Gen 1235U - (8 GB/512 GB SSD/Windows 11 Home) 15s-fy5002TU Thin and Ligh...,"₹47,200","₹70,064",Intel Core i5 Processor (12th Gen)8 GB DDR4 RAM64 bit Windows 11 Operating System512 GB SSD39.62 cm (15.6 Inch) Display1 Year Onsite Warranty
107,MSI Thin 15 Intel Core i5 12th Gen 12450H - (16 GB/512 GB SSD/Windows 11 Home/6 GB Graphics/NVIDIA GeF...,"₹69,990","₹87,990",Intel Core i5 Processor (12th Gen)16 GB DDR4 RAMWindows 11 Operating System512 GB SSD39.62 cm (15.6 Inch) Display2 Year Onsite Warranty
108,Lenovo IdeaPad Flex 5 AMD Ryzen 7 Octa Core 5700U - (16 GB/512 GB SSD/Windows 10 Home) 14ALC05 2 in 1 ...,"₹68,400","₹85,000",AMD Ryzen 7 Octa Core Processor16 GB DDR4 RAM64 bit Windows 10 Operating System512 GB SSD35.56 cm (14 inch) Touchscreen DisplayMicrosoft Office Home and Student 20191 Year Onsite Warranty
109,DELL Inspiron 5440 Intel Core i5 13th Gen 1334U - (16 GB/1 TB SSD/Windows 11 Home) Inspiron 5440 Thin ...,"₹67,990","₹80,699",Intel Core i5 Processor (13th Gen)16 GB DDR5 RAMWindows 11 Operating System1 TB SSD35.56 cm (14 Inch) Display1 Year Onsite Hardware Service
110,HP Victus Intel Core i5 13th Gen 13420H - (16 GB/512 GB SSD/Windows 11 Home/4 GB Graphics/NVIDIA GeFor...,"₹63,990","₹75,142",Intel Core i5 Processor (13th Gen)16 GB DDR4 RAMWindows 11 Home Operating System512 GB SSD39.62 cm (15.6 inch) DisplayWindows 11 and Microsoft Office Home & Student Edition 20241 Year Carry-in Warranty
111,HP Victus Intel Core i5 13th Gen 13420H - (16 GB/512 GB SSD/Windows 11 Home/6 GB Graphics/NVIDIA GeFor...,"₹70,990","₹87,262",Intel Core i5 Processor (13th Gen)16 GB DDR4 RAMWindows 11 Home Operating System512 GB SSD39.62 cm (15.6 inch) DisplayWindows 11 and Microsoft Office Home & Student Edition 20241 Year Carry-in Warranty
112,HP Intel Core i5 13th Gen 1335U - (8 GB/512 GB SSD/Windows 11 Home) 15-hr0000TU Thin and Light Laptop,"₹49,990","₹75,059",Intel Core i5 Processor (13th Gen)8 GB DDR4 RAMWindows 11 Operating System512 GB SSD39.62 cm (15.6 Inch) Display1 Year Onsite Warranty
113,ASUS Intel Core i5 12th Gen - (16 GB/512 GB SSD/Windows 11 Home/6 GB Graphics) K3605ZU-MBN542WS Laptop,"₹69,990","₹1,16,990",Intel Core i5 Processor (12th Gen)16 GB DDR4 RAMWindows 11 Home Operating System512 GB SSD40.64 cm (16 inch) Display1 YEAR INTERNATIONAL
114,HP Victus Intel Core i5 12th Gen 12450H - (16 GB/512 GB SSD/Windows 11 Home/4 GB Graphics/NVIDIA GeFor...,"₹65,990","₹84,763",Intel Core i5 Processor (12th Gen)16 GB DDR4 RAMWindows 11 Operating System512 GB SSD39.62 cm (15.6 inch) Display1 Year Onsite warranty
115,Lenovo Yoga Slim 6 Intel Core i5 12th Gen 1240P - (16 GB/512 GB SSD/Windows 11 Home) 14IAP8 Thin and L...,"₹69,990","₹78,990",Intel Core i5 Processor (12th Gen)16 GB LPDDR5 RAMWindows 11 Operating System512 GB SSD35.56 cm (14 inch) Display1 Year Carry-in Warranty
116,HP Pavilion AI PC Intel Core Ultra 7 155U - (16 GB/512 GB SSD/Windows 11 Home) 16-af0028TU Thin and Li...,"₹81,990","₹1,04,048",Intel Core Ultra 7 Processor16 GB LPDDR5X RAMWindows 11 Operating System512 GB SSD40.64 cm (16 Inch) Display1 Year Carry-in Warranty
117,HP Victus Intel Core i5 13th Gen 13420H - (16 GB/512 GB SSD/Windows 11 Home/6 GB Graphics/NVIDIA GeFor...,"₹72,990","₹95,746",Intel Core i5 Processor (13th Gen)16 GB DDR4 RAMWindows 11 Home Operating System512 GB SSD39.62 cm (15.6 inch) Display1 Year Carry-in Warranty
118,Lenovo IdeaPad Flex 5 AMD Ryzen 7 Octa Core 5700U - (16 GB/512 GB SSD/Windows 11 Home) 14ALC7 2 in 1 L...,"₹68,499","₹99,000",AMD Ryzen 7 Octa Core Processor16 GB LPDDR4X RAM64 bit Windows 11 Operating System512 GB SSD35.56 cm (14 inch) Touchscreen Display1 Year Onsite + 1 Year Premium Care.
119,Lenovo IdeaPad 3 Intel Intel Core i5 12th Gen - (8 GB/512 GB SSD/Windows 11 Home) 15IAU7 Thin and Ligh...,"₹66,990","₹75,000",Intel Core i5 Processor (12th Gen)8 GB DDR4 RAM64 bit Windows 11 Operating System512 GB SSD39.62 cm (15.6 inch) Display1 Year Manufacturer Warranty
